{
  "model": "alchemist",
  "tokens_per_sec": 1480.4465704351492,
  "first_token_latency_ms": 9.051322937011719,
  "ms_per_token": 0.6754718609710237,
  "vram_peak_gb": 0.08754348754882812,
  "active_params_m": 16.068611,
  "total_tokens": 134,
  "total_time_s": 0.09051322937011719,
  "aws_cost_per_1m_tokens": 0.5741510818253701
}