{
  "model": "alchemist",
  "tokens_per_sec": 1388.8320883259241,
  "first_token_latency_ms": 9.648394584655762,
  "ms_per_token": 0.7200294466161016,
  "vram_peak_gb": 0.08754348754882812,
  "active_params_m": 16.068611,
  "total_tokens": 134,
  "total_time_s": 0.09648394584655762,
  "aws_cost_per_1m_tokens": 0.6120250296236864
}