{
  "model": "dense120",
  "tokens_per_sec": 1702.7673037829964,
  "first_token_latency_ms": 7.986998558044434,
  "ms_per_token": 0.5872793057385612,
  "vram_peak_gb": 0.49681949615478516,
  "active_params_m": 124.439808,
  "total_tokens": 136,
  "total_time_s": 0.07986998558044434,
  "aws_cost_per_1m_tokens": 0.49918740987777704
}