{
  "model": "alchemist",
  "tokens_per_sec": 1442.0590230560417,
  "first_token_latency_ms": 9.292268753051758,
  "ms_per_token": 0.6934528920187879,
  "vram_peak_gb": 0.08754348754882812,
  "active_params_m": 16.068611,
  "total_tokens": 134,
  "total_time_s": 0.09292268753051758,
  "aws_cost_per_1m_tokens": 0.5894349582159697
}